timestamp,node_name,latitude,longitude,pH,turbidity_NTU,temperature_C,flow_rate_Ls
2026-06-08 20:00:00,Ciliwung,-6.225,106.9,7.32,19.4,32.4,152.9
2026-06-08 21:00:00,Ciliwung,-6.225,106.9,6.68,36.9,30.4,119.4
2026-06-08 22:00:00,Ciliwung,-6.225,106.9,7.55,46.7,31.1,159.5
2026-06-08 23:00:00,Ciliwung,-6.225,106.9,6.86,40.5,29.3,150.7
2026-06-09 00:00:00,Ciliwung,-6.225,106.9,7.13,24.8,33.2,114.6
2026-06-09 01:00:00,Ciliwung,-6.225,106.9,7.06,43.0,31.7,134.4
2026-06-09 02:00:00,Ciliwung,-6.225,106.9,8.06,28.9,30.1,91.5
2026-06-09 03:00:00,Ciliwung,-6.225,106.9,7.65,33.3,29.5,91.1
2026-06-09 04:00:00,Ciliwung,-6.225,106.9,7.5,43.1,29.8,128.1
2026-06-09 05:00:00,Ciliwung,-6.225,106.9,8.8,48.1,31.4,143.8
2026-06-09 06:00:00,Ciliwung,-6.225,106.9,7.45,13.1,30.4,103.5
2026-06-09 07:00:00,Ciliwung,-6.225,106.9,7.09,57.4,29.4,153.9
2026-06-09 08:00:00,Ciliwung,-6.225,106.9,7.07,37.4,32.1,144.9
2026-06-09 09:00:00,Ciliwung,-6.225,106.9,7.06,28.1,32.5,113.3
2026-06-09 10:00:00,Ciliwung,-6.225,106.9,6.75,21.2,31.9,125.0
2026-06-09 11:00:00,Ciliwung,-6.225,106.9,7.03,37.4,32.1,109.2
2026-06-09 12:00:00,Ciliwung,-6.225,106.9,6.94,29.6,30.3,78.1
2026-06-09 13:00:00,Ciliwung,-6.225,106.9,7.01,35.2,31.9,135.6
2026-06-09 14:00:00,Ciliwung,-6.225,106.9,7.16,28.7,30.9,60.9
2026-06-09 15:00:00,Ciliwung,-6.225,106.9,6.67,20.0,31.7,88.3
2026-06-09 16:00:00,Ciliwung,-6.225,106.9,7.72,29.7,32.3,87.3
2026-06-09 17:00:00,Ciliwung,-6.225,106.9,6.82,29.9,32.5,59.5
2026-06-09 18:00:00,Ciliwung,-6.225,106.9,7.3,26.1,28.4,122.5
2026-06-09 19:00:00,Ciliwung,-6.225,106.9,7.29,35.3,33.9,111.6
2026-06-09 20:00:00,Ciliwung,-6.225,106.9,7.27,38.3,33.4,149.2
2026-06-09 21:00:00,Ciliwung,-6.225,106.9,7.79,17.2,29.8,87.6
2026-06-09 22:00:00,Ciliwung,-6.225,106.9,6.65,44.5,30.6,68.5
2026-06-09 23:00:00,Ciliwung,-6.225,106.9,7.33,47.6,34.6,200.0
2026-06-10 00:00:00,Ciliwung,-6.225,106.9,6.8,10.0,31.5,91.5
2026-06-10 01:00:00,Ciliwung,-6.225,106.9,6.96,32.9,32.9,125.5
2026-06-10 02:00:00,Ciliwung,-6.225,106.9,6.79,10.0,30.1,118.1
2026-06-10 03:00:00,Ciliwung,-6.225,106.9,7.25,49.7,30.1,78.5
2026-06-10 04:00:00,Ciliwung,-6.225,106.9,6.91,66.9,29.5,149.3
2026-06-10 05:00:00,Ciliwung,-6.225,106.9,7.57,40.8,30.7,118.6
2026-06-10 06:00:00,Ciliwung,-6.225,106.9,7.38,28.2,28.8,75.3
2026-06-10 07:00:00,Ciliwung,-6.225,106.9,7.83,37.4,30.8,130.0
2026-06-10 08:00:00,Ciliwung,-6.225,106.9,7.29,28.8,33.0,135.0
2026-06-10 09:00:00,Ciliwung,-6.225,106.9,7.27,16.6,28.5,177.8
2026-06-10 10:00:00,Ciliwung,-6.225,106.9,7.13,29.3,33.6,81.3
2026-06-10 11:00:00,Ciliwung,-6.225,106.9,8.8,29.1,31.0,114.3
2026-06-10 12:00:00,Ciliwung,-6.225,106.9,7.76,36.4,32.2,50.0
2026-06-10 13:00:00,Ciliwung,-6.225,106.9,6.86,16.7,29.4,108.3
2026-06-10 14:00:00,Ciliwung,-6.225,106.9,6.67,35.5,30.1,108.5
2026-06-10 15:00:00,Ciliwung,-6.225,106.9,7.42,55.1,30.7,95.6
2026-06-10 16:00:00,Ciliwung,-6.225,106.9,7.3,37.6,29.0,123.2
2026-06-10 17:00:00,Ciliwung,-6.225,106.9,8.21,63.2,29.5,109.9
2026-06-10 18:00:00,Ciliwung,-6.225,106.9,6.96,39.7,33.2,94.5
2026-06-10 19:00:00,Ciliwung,-6.225,106.9,6.34,32.6,29.1,101.5
2026-06-10 20:00:00,Ciliwung,-6.225,106.9,7.65,33.6,28.0,68.7
2026-06-10 21:00:00,Ciliwung,-6.225,106.9,6.69,18.5,34.3,200.0
2026-06-10 22:00:00,Ciliwung,-6.225,106.9,7.05,40.1,34.1,85.5
2026-06-10 23:00:00,Ciliwung,-6.225,106.9,7.51,41.5,30.3,115.3
2026-06-11 00:00:00,Ciliwung,-6.225,106.9,7.1,31.0,31.4,100.6
2026-06-11 01:00:00,Ciliwung,-6.225,106.9,7.61,37.3,31.6,121.9
2026-06-11 02:00:00,Ciliwung,-6.225,106.9,6.91,39.7,30.8,193.3
2026-06-11 03:00:00,Ciliwung,-6.225,106.9,7.35,23.6,29.0,161.7
2026-06-11 04:00:00,Ciliwung,-6.225,106.9,7.39,10.0,32.7,135.9
2026-06-11 05:00:00,Ciliwung,-6.225,106.9,7.01,39.0,31.1,109.8
2026-06-11 06:00:00,Ciliwung,-6.225,106.9,7.1,37.3,33.6,50.0
2026-06-11 07:00:00,Ciliwung,-6.225,106.9,7.27,39.4,30.3,58.5
2026-06-11 08:00:00,Ciliwung,-6.225,106.9,7.89,12.0,32.6,108.5
2026-06-11 09:00:00,Ciliwung,-6.225,106.9,6.78,30.0,33.3,140.4
2026-06-11 10:00:00,Ciliwung,-6.225,106.9,7.67,41.6,34.1,135.4
2026-06-11 11:00:00,Ciliwung,-6.225,106.9,7.08,36.0,29.7,154.6
2026-06-11 12:00:00,Ciliwung,-6.225,106.9,7.51,32.1,33.1,146.3
2026-06-11 13:00:00,Ciliwung,-6.225,106.9,7.49,11.4,30.9,79.0
2026-06-11 14:00:00,Ciliwung,-6.225,106.9,7.8,44.6,29.7,84.5
2026-06-11 15:00:00,Ciliwung,-6.225,106.9,6.71,24.9,31.6,160.4
2026-06-11 16:00:00,Ciliwung,-6.225,106.9,6.28,39.6,31.1,134.5
2026-06-11 17:00:00,Ciliwung,-6.225,106.9,6.37,26.1,32.1,64.6
2026-06-11 18:00:00,Ciliwung,-6.225,106.9,7.35,47.7,30.0,148.5
2026-06-11 19:00:00,Ciliwung,-6.225,106.9,7.29,38.5,31.5,89.8
2026-06-11 20:00:00,Ciliwung,-6.225,106.9,7.14,40.8,32.8,83.0
2026-06-11 21:00:00,Ciliwung,-6.225,106.9,7.79,23.8,29.5,127.1
2026-06-11 22:00:00,Ciliwung,-6.225,106.9,7.2,54.9,32.5,149.5
2026-06-11 23:00:00,Ciliwung,-6.225,106.9,8.13,31.9,28.0,176.1
2026-06-12 00:00:00,Ciliwung,-6.225,106.9,7.24,54.6,28.1,76.2
2026-06-12 01:00:00,Ciliwung,-6.225,106.9,6.88,41.6,31.9,129.7
2026-06-12 02:00:00,Ciliwung,-6.225,106.9,6.28,35.8,30.2,136.1
2026-06-12 03:00:00,Ciliwung,-6.225,106.9,7.26,46.4,31.4,138.6
2026-06-12 04:00:00,Ciliwung,-6.225,106.9,7.13,38.0,32.5,106.2
2026-06-12 05:00:00,Ciliwung,-6.225,106.9,7.09,33.2,32.5,50.2
2026-06-12 06:00:00,Ciliwung,-6.225,106.9,6.61,10.0,29.8,146.2
2026-06-12 07:00:00,Ciliwung,-6.225,106.9,7.28,51.3,33.4,117.6
2026-06-12 08:00:00,Ciliwung,-6.225,106.9,7.16,55.3,31.2,90.7
2026-06-12 09:00:00,Ciliwung,-6.225,106.9,6.61,21.7,30.4,148.1
2026-06-12 10:00:00,Ciliwung,-6.225,106.9,6.65,40.9,29.1,136.6
2026-06-12 11:00:00,Ciliwung,-6.225,106.9,6.47,48.9,29.9,101.3
2026-06-12 12:00:00,Ciliwung,-6.225,106.9,6.94,41.4,30.7,131.5
2026-06-12 13:00:00,Ciliwung,-6.225,106.9,7.73,29.9,28.3,157.4
2026-06-12 14:00:00,Ciliwung,-6.225,106.9,7.65,40.8,30.8,132.2
2026-06-12 15:00:00,Ciliwung,-6.225,106.9,8.03,36.0,31.3,157.7
2026-06-12 16:00:00,Ciliwung,-6.225,106.9,7.33,34.6,31.6,90.8
2026-06-12 17:00:00,Ciliwung,-6.225,106.9,6.37,18.2,30.2,109.7
2026-06-12 18:00:00,Ciliwung,-6.225,106.9,7.64,20.6,31.6,105.8
2026-06-12 19:00:00,Ciliwung,-6.225,106.9,7.27,44.3,30.4,157.2
2026-06-12 20:00:00,Ciliwung,-6.225,106.9,7.2,74.0,31.4,170.2
2026-06-12 21:00:00,Ciliwung,-6.225,106.9,7.43,34.1,30.7,92.7
2026-06-12 22:00:00,Ciliwung,-6.225,106.9,6.86,45.0,33.0,132.8
2026-06-12 23:00:00,Ciliwung,-6.225,106.9,5.5,30.4,32.7,55.9
2026-06-13 00:00:00,Ciliwung,-6.225,106.9,6.6,55.5,32.6,94.8
2026-06-13 01:00:00,Ciliwung,-6.225,106.9,6.01,26.8,35.4,135.2
2026-06-13 02:00:00,Ciliwung,-6.225,106.9,8.8,11.6,30.5,123.5
2026-06-13 03:00:00,Ciliwung,-6.225,106.9,7.52,40.2,32.2,95.9
2026-06-13 04:00:00,Ciliwung,-6.225,106.9,7.85,20.4,29.4,166.8
2026-06-13 05:00:00,Ciliwung,-6.225,106.9,7.76,28.4,33.6,124.6
2026-06-13 06:00:00,Ciliwung,-6.225,106.9,7.83,29.6,29.3,104.3
2026-06-13 07:00:00,Ciliwung,-6.225,106.9,6.57,44.6,30.0,160.2
2026-06-13 08:00:00,Ciliwung,-6.225,106.9,6.89,10.0,29.5,128.7
2026-06-13 09:00:00,Ciliwung,-6.225,106.9,7.1,32.6,31.4,84.7
2026-06-13 10:00:00,Ciliwung,-6.225,106.9,7.47,40.8,32.0,130.4
2026-06-13 11:00:00,Ciliwung,-6.225,106.9,7.17,30.4,29.6,83.9
2026-06-13 12:00:00,Ciliwung,-6.225,106.9,6.84,33.9,31.6,121.8
2026-06-13 13:00:00,Ciliwung,-6.225,106.9,7.56,46.1,30.7,97.1
2026-06-13 14:00:00,Ciliwung,-6.225,106.9,7.28,13.3,30.9,129.2
2026-06-13 15:00:00,Ciliwung,-6.225,106.9,7.28,13.2,33.4,163.7
2026-06-13 16:00:00,Ciliwung,-6.225,106.9,7.35,10.0,28.9,109.7
2026-06-13 17:00:00,Ciliwung,-6.225,106.9,7.49,65.0,28.9,90.7
2026-06-13 18:00:00,Ciliwung,-6.225,106.9,7.84,16.7,31.4,183.7
2026-06-13 19:00:00,Ciliwung,-6.225,106.9,7.03,10.2,28.7,105.2
2026-06-13 20:00:00,Ciliwung,-6.225,106.9,7.53,38.6,28.0,138.0
2026-06-13 21:00:00,Ciliwung,-6.225,106.9,7.71,25.6,29.9,138.9
2026-06-13 22:00:00,Ciliwung,-6.225,106.9,7.38,10.0,32.0,83.8
2026-06-13 23:00:00,Ciliwung,-6.225,106.9,6.63,41.7,29.5,75.1
2026-06-14 00:00:00,Ciliwung,-6.225,106.9,8.8,25.8,33.6,104.6
2026-06-14 01:00:00,Ciliwung,-6.225,106.9,6.95,42.1,30.0,105.6
2026-06-14 02:00:00,Ciliwung,-6.225,106.9,6.78,10.0,33.9,200.0
2026-06-14 03:00:00,Ciliwung,-6.225,106.9,6.43,30.3,30.5,113.4
2026-06-14 04:00:00,Ciliwung,-6.225,106.9,7.43,42.9,28.3,144.5
2026-06-14 05:00:00,Ciliwung,-6.225,106.9,7.27,29.9,30.7,141.5
2026-06-14 06:00:00,Ciliwung,-6.225,106.9,6.69,10.0,31.3,106.3
2026-06-14 07:00:00,Ciliwung,-6.225,106.9,8.8,60.0,29.0,140.6
2026-06-14 08:00:00,Ciliwung,-6.225,106.9,6.85,37.7,33.2,108.7
2026-06-14 09:00:00,Ciliwung,-6.225,106.9,7.19,21.5,30.4,117.1
2026-06-14 10:00:00,Ciliwung,-6.225,106.9,6.55,42.2,30.1,50.0
2026-06-14 11:00:00,Ciliwung,-6.225,106.9,7.31,24.3,28.6,149.3
2026-06-14 12:00:00,Ciliwung,-6.225,106.9,8.15,41.3,31.7,114.2
2026-06-14 13:00:00,Ciliwung,-6.225,106.9,7.45,53.8,30.1,104.8
2026-06-14 14:00:00,Ciliwung,-6.225,106.9,7.52,57.5,30.2,105.1
2026-06-14 15:00:00,Ciliwung,-6.225,106.9,7.1,49.3,28.0,91.1
2026-06-14 16:00:00,Ciliwung,-6.225,106.9,6.27,20.5,29.4,113.0
2026-06-14 17:00:00,Ciliwung,-6.225,106.9,7.1,19.5,30.9,156.7
2026-06-14 18:00:00,Ciliwung,-6.225,106.9,5.5,43.4,30.6,142.7
2026-06-14 19:00:00,Ciliwung,-6.225,106.9,6.79,34.8,30.6,77.4
2026-06-14 20:00:00,Ciliwung,-6.225,106.9,7.47,29.7,29.2,116.6
2026-06-14 21:00:00,Ciliwung,-6.225,106.9,6.29,12.6,29.3,171.1
2026-06-14 22:00:00,Ciliwung,-6.225,106.9,7.51,17.9,29.0,135.7
2026-06-14 23:00:00,Ciliwung,-6.225,106.9,7.42,32.2,31.5,125.5
2026-06-15 00:00:00,Ciliwung,-6.225,106.9,7.52,10.7,28.0,155.1
2026-06-15 01:00:00,Ciliwung,-6.225,106.9,6.79,10.0,31.2,152.6
2026-06-15 02:00:00,Ciliwung,-6.225,106.9,7.41,29.4,29.4,120.4
2026-06-15 03:00:00,Ciliwung,-6.225,106.9,6.79,65.7,34.2,159.8
2026-06-15 04:00:00,Ciliwung,-6.225,106.9,7.54,44.6,31.8,163.7
2026-06-15 05:00:00,Ciliwung,-6.225,106.9,5.5,44.6,31.6,57.6
2026-06-15 06:00:00,Ciliwung,-6.225,106.9,6.98,15.8,34.0,180.5
2026-06-15 07:00:00,Ciliwung,-6.225,106.9,7.3,55.3,31.0,127.1
2026-06-15 08:00:00,Ciliwung,-6.225,106.9,8.8,35.9,28.7,118.2
2026-06-15 09:00:00,Ciliwung,-6.225,106.9,7.56,35.2,31.4,121.5
2026-06-15 10:00:00,Ciliwung,-6.225,106.9,6.77,32.7,29.7,76.2
2026-06-15 11:00:00,Ciliwung,-6.225,106.9,7.36,10.0,30.8,154.8
2026-06-15 12:00:00,Ciliwung,-6.225,106.9,7.61,35.6,29.5,82.1
2026-06-15 13:00:00,Ciliwung,-6.225,106.9,7.35,54.3,33.0,115.4
2026-06-15 14:00:00,Ciliwung,-6.225,106.9,7.07,38.3,30.6,99.8
2026-06-15 15:00:00,Ciliwung,-6.225,106.9,7.0,25.6,31.6,105.9
2026-06-15 16:00:00,Ciliwung,-6.225,106.9,7.31,17.9,30.1,170.3
2026-06-15 17:00:00,Ciliwung,-6.225,106.9,7.33,17.6,28.0,54.8
2026-06-15 18:00:00,Ciliwung,-6.225,106.9,7.21,33.2,33.2,50.0
2026-06-15 19:00:00,Ciliwung,-6.225,106.9,7.82,18.1,30.3,93.6
2026-06-08 20:00:00,Cisadane,-6.18,106.63,7.07,56.4,34.3,108.2
2026-06-08 21:00:00,Cisadane,-6.18,106.63,7.21,61.3,30.8,124.6
2026-06-08 22:00:00,Cisadane,-6.18,106.63,8.47,47.8,29.7,153.9
2026-06-08 23:00:00,Cisadane,-6.18,106.63,7.0,48.6,31.1,129.8
2026-06-09 00:00:00,Cisadane,-6.18,106.63,7.33,41.4,28.0,143.3
2026-06-09 01:00:00,Cisadane,-6.18,106.63,6.62,34.1,31.2,95.7
2026-06-09 02:00:00,Cisadane,-6.18,106.63,6.66,28.9,29.9,118.4
2026-06-09 03:00:00,Cisadane,-6.18,106.63,6.8,45.9,31.1,53.8
2026-06-09 04:00:00,Cisadane,-6.18,106.63,7.2,31.7,30.8,119.0
2026-06-09 05:00:00,Cisadane,-6.18,106.63,7.58,18.3,28.9,81.7
2026-06-09 06:00:00,Cisadane,-6.18,106.63,7.7,28.5,28.0,60.4
2026-06-09 07:00:00,Cisadane,-6.18,106.63,6.98,28.9,31.1,109.1
2026-06-09 08:00:00,Cisadane,-6.18,106.63,6.93,22.1,31.9,66.3
2026-06-09 09:00:00,Cisadane,-6.18,106.63,7.24,32.8,33.9,98.2
2026-06-09 10:00:00,Cisadane,-6.18,106.63,7.11,15.8,31.1,82.3
2026-06-09 11:00:00,Cisadane,-6.18,106.63,7.36,43.3,29.9,154.6
2026-06-09 12:00:00,Cisadane,-6.18,106.63,7.77,42.9,33.5,54.2
2026-06-09 13:00:00,Cisadane,-6.18,106.63,6.85,36.8,30.0,114.2
2026-06-09 14:00:00,Cisadane,-6.18,106.63,7.13,41.2,30.6,122.6
2026-06-09 15:00:00,Cisadane,-6.18,106.63,7.38,52.5,34.0,130.8
2026-06-09 16:00:00,Cisadane,-6.18,106.63,6.74,33.7,32.7,150.3
2026-06-09 17:00:00,Cisadane,-6.18,106.63,7.55,42.4,33.2,130.1
2026-06-09 18:00:00,Cisadane,-6.18,106.63,7.33,10.0,31.7,50.0
2026-06-09 19:00:00,Cisadane,-6.18,106.63,7.38,42.2,28.9,95.1
2026-06-09 20:00:00,Cisadane,-6.18,106.63,7.01,68.6,31.0,134.3
2026-06-09 21:00:00,Cisadane,-6.18,106.63,7.25,20.0,30.8,118.8
2026-06-09 22:00:00,Cisadane,-6.18,106.63,7.1,23.9,32.7,121.2
2026-06-09 23:00:00,Cisadane,-6.18,106.63,7.16,38.3,32.1,85.0
2026-06-10 00:00:00,Cisadane,-6.18,106.63,7.64,28.8,28.4,135.5
2026-06-10 01:00:00,Cisadane,-6.18,106.63,6.59,38.4,32.3,133.1
2026-06-10 02:00:00,Cisadane,-6.18,106.63,6.64,40.0,30.5,103.1
2026-06-10 03:00:00,Cisadane,-6.18,106.63,7.79,61.9,33.4,116.2
2026-06-10 04:00:00,Cisadane,-6.18,106.63,7.51,36.8,31.2,148.8
2026-06-10 05:00:00,Cisadane,-6.18,106.63,6.91,28.8,32.1,120.1
2026-06-10 06:00:00,Cisadane,-6.18,106.63,7.47,29.4,32.4,133.3
2026-06-10 07:00:00,Cisadane,-6.18,106.63,7.78,27.5,28.0,83.4
2026-06-10 08:00:00,Cisadane,-6.18,106.63,7.22,30.9,30.4,141.7
2026-06-10 09:00:00,Cisadane,-6.18,106.63,7.33,41.1,32.1,50.0
2026-06-10 10:00:00,Cisadane,-6.18,106.63,6.33,35.5,31.0,156.6
2026-06-10 11:00:00,Cisadane,-6.18,106.63,7.28,27.5,31.9,101.5
2026-06-10 12:00:00,Cisadane,-6.18,106.63,7.59,26.6,32.5,143.7
2026-06-10 13:00:00,Cisadane,-6.18,106.63,7.59,45.5,31.2,93.3
2026-06-10 14:00:00,Cisadane,-6.18,106.63,6.98,43.1,29.3,135.3
2026-06-10 15:00:00,Cisadane,-6.18,106.63,7.12,36.6,35.4,71.8
2026-06-10 16:00:00,Cisadane,-6.18,106.63,7.26,41.2,31.2,135.6
2026-06-10 17:00:00,Cisadane,-6.18,106.63,8.8,28.2,33.0,97.4
2026-06-10 18:00:00,Cisadane,-6.18,106.63,6.77,41.8,33.6,117.3
2026-06-10 19:00:00,Cisadane,-6.18,106.63,6.75,31.6,28.1,88.0
2026-06-10 20:00:00,Cisadane,-6.18,106.63,7.73,77.1,29.9,170.2
2026-06-10 21:00:00,Cisadane,-6.18,106.63,7.14,41.5,31.1,123.9
2026-06-10 22:00:00,Cisadane,-6.18,106.63,6.64,11.8,32.2,110.3
2026-06-10 23:00:00,Cisadane,-6.18,106.63,7.2,46.9,31.3,97.0
2026-06-11 00:00:00,Cisadane,-6.18,106.63,7.17,58.7,31.9,154.1
2026-06-11 01:00:00,Cisadane,-6.18,106.63,7.65,44.2,32.1,138.2
2026-06-11 02:00:00,Cisadane,-6.18,106.63,7.48,14.7,29.6,165.6
2026-06-11 03:00:00,Cisadane,-6.18,106.63,7.79,30.9,28.9,111.6
2026-06-11 04:00:00,Cisadane,-6.18,106.63,7.23,52.0,30.3,132.3
2026-06-11 05:00:00,Cisadane,-6.18,106.63,7.38,35.0,29.7,111.7
2026-06-11 06:00:00,Cisadane,-6.18,106.63,7.09,61.6,30.8,111.5
2026-06-11 07:00:00,Cisadane,-6.18,106.63,6.84,31.1,29.8,168.4
2026-06-11 08:00:00,Cisadane,-6.18,106.63,7.72,35.9,31.1,116.9
2026-06-11 09:00:00,Cisadane,-6.18,106.63,7.89,10.0,28.0,101.0
2026-06-11 10:00:00,Cisadane,-6.18,106.63,7.48,42.1,30.3,155.7
2026-06-11 11:00:00,Cisadane,-6.18,106.63,7.27,49.4,31.5,100.3
2026-06-11 12:00:00,Cisadane,-6.18,106.63,7.24,35.0,33.7,50.0
2026-06-11 13:00:00,Cisadane,-6.18,106.63,6.73,29.6,30.5,67.2
2026-06-11 14:00:00,Cisadane,-6.18,106.63,6.86,71.9,34.2,105.6
2026-06-11 15:00:00,Cisadane,-6.18,106.63,6.74,10.0,30.8,85.1
2026-06-11 16:00:00,Cisadane,-6.18,106.63,6.56,23.6,31.3,132.8
2026-06-11 17:00:00,Cisadane,-6.18,106.63,5.5,47.8,29.6,142.2
2026-06-11 18:00:00,Cisadane,-6.18,106.63,7.07,40.5,32.1,115.1
2026-06-11 19:00:00,Cisadane,-6.18,106.63,7.6,31.2,32.4,187.7
2026-06-11 20:00:00,Cisadane,-6.18,106.63,6.71,21.1,33.7,83.0
2026-06-11 21:00:00,Cisadane,-6.18,106.63,7.01,41.3,30.8,97.2
2026-06-11 22:00:00,Cisadane,-6.18,106.63,6.92,21.8,35.1,130.4
2026-06-11 23:00:00,Cisadane,-6.18,106.63,7.0,32.2,29.7,50.0
2026-06-12 00:00:00,Cisadane,-6.18,106.63,6.48,10.0,28.8,166.4
2026-06-12 01:00:00,Cisadane,-6.18,106.63,7.72,41.2,32.4,88.5
2026-06-12 02:00:00,Cisadane,-6.18,106.63,7.49,26.4,32.0,139.8
2026-06-12 03:00:00,Cisadane,-6.18,106.63,6.75,17.2,31.2,131.4
2026-06-12 04:00:00,Cisadane,-6.18,106.63,7.21,43.6,32.1,174.3
2026-06-12 05:00:00,Cisadane,-6.18,106.63,6.8,60.3,30.0,156.6
2026-06-12 06:00:00,Cisadane,-6.18,106.63,7.04,10.0,30.7,65.4
2026-06-12 07:00:00,Cisadane,-6.18,106.63,7.81,23.0,31.5,94.6
2026-06-12 08:00:00,Cisadane,-6.18,106.63,7.51,34.4,34.1,103.1
2026-06-12 09:00:00,Cisadane,-6.18,106.63,7.24,46.9,30.2,118.3
2026-06-12 10:00:00,Cisadane,-6.18,106.63,6.87,44.9,32.2,140.8
2026-06-12 11:00:00,Cisadane,-6.18,106.63,5.5,29.4,31.7,98.2
2026-06-12 12:00:00,Cisadane,-6.18,106.63,6.96,59.3,31.7,112.4
2026-06-12 13:00:00,Cisadane,-6.18,106.63,6.33,10.0,32.4,122.1
2026-06-12 14:00:00,Cisadane,-6.18,106.63,6.67,34.7,34.6,148.8
2026-06-12 15:00:00,Cisadane,-6.18,106.63,7.02,29.1,28.0,129.0
2026-06-12 16:00:00,Cisadane,-6.18,106.63,6.57,25.1,28.9,86.2
2026-06-12 17:00:00,Cisadane,-6.18,106.63,6.37,44.2,32.4,111.2
2026-06-12 18:00:00,Cisadane,-6.18,106.63,6.8,53.5,28.0,107.8
2026-06-12 19:00:00,Cisadane,-6.18,106.63,7.52,24.9,31.7,139.8
2026-06-12 20:00:00,Cisadane,-6.18,106.63,7.12,40.6,28.3,161.7
2026-06-12 21:00:00,Cisadane,-6.18,106.63,6.98,34.7,28.2,128.0
2026-06-12 22:00:00,Cisadane,-6.18,106.63,7.32,11.2,30.8,146.0
2026-06-12 23:00:00,Cisadane,-6.18,106.63,6.77,48.1,31.5,134.4
2026-06-13 00:00:00,Cisadane,-6.18,106.63,7.39,44.9,35.9,112.5
2026-06-13 01:00:00,Cisadane,-6.18,106.63,7.37,41.6,30.1,83.9
2026-06-13 02:00:00,Cisadane,-6.18,106.63,7.33,24.0,32.6,116.2
2026-06-13 03:00:00,Cisadane,-6.18,106.63,7.42,15.6,31.6,187.0
2026-06-13 04:00:00,Cisadane,-6.18,106.63,7.05,27.4,30.3,111.1
2026-06-13 05:00:00,Cisadane,-6.18,106.63,7.57,10.0,32.6,106.7
2026-06-13 06:00:00,Cisadane,-6.18,106.63,6.75,54.9,33.2,153.6
2026-06-13 07:00:00,Cisadane,-6.18,106.63,7.53,41.1,28.1,119.1
2026-06-13 08:00:00,Cisadane,-6.18,106.63,7.42,37.7,31.5,171.6
2026-06-13 09:00:00,Cisadane,-6.18,106.63,6.05,30.2,30.7,58.7
2026-06-13 10:00:00,Cisadane,-6.18,106.63,7.7,18.7,31.6,87.9
2026-06-13 11:00:00,Cisadane,-6.18,106.63,7.79,26.9,31.8,54.5
2026-06-13 12:00:00,Cisadane,-6.18,106.63,7.44,32.3,32.0,70.7
2026-06-13 13:00:00,Cisadane,-6.18,106.63,7.07,31.9,30.1,99.7
2026-06-13 14:00:00,Cisadane,-6.18,106.63,7.3,44.8,31.0,138.0
2026-06-13 15:00:00,Cisadane,-6.18,106.63,8.09,11.5,33.3,167.9
2026-06-13 16:00:00,Cisadane,-6.18,106.63,8.09,49.9,32.7,121.0
2026-06-13 17:00:00,Cisadane,-6.18,106.63,7.12,40.9,33.5,126.3
2026-06-13 18:00:00,Cisadane,-6.18,106.63,7.53,48.8,32.2,146.1
2026-06-13 19:00:00,Cisadane,-6.18,106.63,6.83,22.0,28.1,128.3
2026-06-13 20:00:00,Cisadane,-6.18,106.63,7.02,10.0,28.8,159.2
2026-06-13 21:00:00,Cisadane,-6.18,106.63,7.34,14.1,33.6,115.0
2026-06-13 22:00:00,Cisadane,-6.18,106.63,8.13,57.7,30.4,99.2
2026-06-13 23:00:00,Cisadane,-6.18,106.63,7.4,33.4,30.3,171.4
2026-06-14 00:00:00,Cisadane,-6.18,106.63,8.12,36.4,34.2,132.5
2026-06-14 01:00:00,Cisadane,-6.18,106.63,6.91,22.2,31.8,154.6
2026-06-14 02:00:00,Cisadane,-6.18,106.63,6.69,14.6,28.4,58.1
2026-06-14 03:00:00,Cisadane,-6.18,106.63,7.65,34.8,28.0,113.3
2026-06-14 04:00:00,Cisadane,-6.18,106.63,8.04,13.1,30.3,179.7
2026-06-14 05:00:00,Cisadane,-6.18,106.63,7.43,36.7,31.6,147.2
2026-06-14 06:00:00,Cisadane,-6.18,106.63,7.55,14.4,31.6,126.3
2026-06-14 07:00:00,Cisadane,-6.18,106.63,7.19,25.7,29.1,107.6
2026-06-14 08:00:00,Cisadane,-6.18,106.63,7.33,17.7,32.3,78.6
2026-06-14 09:00:00,Cisadane,-6.18,106.63,6.95,54.9,31.6,112.6
2026-06-14 10:00:00,Cisadane,-6.18,106.63,6.36,34.4,34.6,124.6
2026-06-14 11:00:00,Cisadane,-6.18,106.63,7.42,48.4,28.0,61.1
2026-06-14 12:00:00,Cisadane,-6.18,106.63,6.91,54.7,30.4,52.3
2026-06-14 13:00:00,Cisadane,-6.18,106.63,6.1,31.5,30.7,105.1
2026-06-14 14:00:00,Cisadane,-6.18,106.63,7.68,32.4,28.0,141.6
2026-06-14 15:00:00,Cisadane,-6.18,106.63,7.32,49.7,28.9,190.3
2026-06-14 16:00:00,Cisadane,-6.18,106.63,7.5,10.0,29.3,173.1
2026-06-14 17:00:00,Cisadane,-6.18,106.63,7.54,38.6,30.8,167.7
2026-06-14 18:00:00,Cisadane,-6.18,106.63,6.49,23.0,32.0,133.8
2026-06-14 19:00:00,Cisadane,-6.18,106.63,6.91,26.3,30.3,71.8
2026-06-14 20:00:00,Cisadane,-6.18,106.63,6.91,46.6,32.5,114.9
2026-06-14 21:00:00,Cisadane,-6.18,106.63,7.26,22.8,28.9,87.1
2026-06-14 22:00:00,Cisadane,-6.18,106.63,6.73,37.4,32.3,64.5
2026-06-14 23:00:00,Cisadane,-6.18,106.63,7.11,40.1,31.0,69.1
2026-06-15 00:00:00,Cisadane,-6.18,106.63,7.21,50.4,28.0,132.1
2026-06-15 01:00:00,Cisadane,-6.18,106.63,7.14,43.3,29.7,115.8
2026-06-15 02:00:00,Cisadane,-6.18,106.63,6.26,49.1,29.2,104.1
2026-06-15 03:00:00,Cisadane,-6.18,106.63,6.64,32.4,29.7,133.2
2026-06-15 04:00:00,Cisadane,-6.18,106.63,7.33,38.6,33.8,82.6
2026-06-15 05:00:00,Cisadane,-6.18,106.63,7.65,54.0,28.4,109.1
2026-06-15 06:00:00,Cisadane,-6.18,106.63,7.4,37.9,30.6,106.6
2026-06-15 07:00:00,Cisadane,-6.18,106.63,7.1,34.4,31.1,96.3
2026-06-15 08:00:00,Cisadane,-6.18,106.63,8.37,10.0,31.6,93.4
2026-06-15 09:00:00,Cisadane,-6.18,106.63,7.22,46.4,33.1,126.7
2026-06-15 10:00:00,Cisadane,-6.18,106.63,6.26,58.9,31.7,157.7
2026-06-15 11:00:00,Cisadane,-6.18,106.63,6.87,37.2,31.0,129.9
2026-06-15 12:00:00,Cisadane,-6.18,106.63,6.49,49.6,31.0,112.9
2026-06-15 13:00:00,Cisadane,-6.18,106.63,7.4,10.0,32.2,67.8
2026-06-15 14:00:00,Cisadane,-6.18,106.63,7.15,52.5,30.7,95.7
2026-06-15 15:00:00,Cisadane,-6.18,106.63,7.71,43.0,30.3,111.7
2026-06-15 16:00:00,Cisadane,-6.18,106.63,7.36,10.0,32.4,124.5
2026-06-15 17:00:00,Cisadane,-6.18,106.63,6.76,33.5,34.2,161.7
2026-06-15 18:00:00,Cisadane,-6.18,106.63,7.29,35.0,31.5,95.5
2026-06-15 19:00:00,Cisadane,-6.18,106.63,6.56,37.0,31.8,112.0
2026-06-08 20:00:00,Citarum,-6.24,107.02,7.6,40.5,29.7,110.2
2026-06-08 21:00:00,Citarum,-6.24,107.02,6.79,26.9,33.2,97.6
2026-06-08 22:00:00,Citarum,-6.24,107.02,6.98,38.7,35.3,150.6
2026-06-08 23:00:00,Citarum,-6.24,107.02,6.57,14.3,30.0,76.3
2026-06-09 00:00:00,Citarum,-6.24,107.02,7.01,70.6,28.0,127.1
2026-06-09 01:00:00,Citarum,-6.24,107.02,7.0,37.1,28.0,128.3
2026-06-09 02:00:00,Citarum,-6.24,107.02,7.02,38.9,32.8,114.3
2026-06-09 03:00:00,Citarum,-6.24,107.02,6.29,44.6,30.8,84.6
2026-06-09 04:00:00,Citarum,-6.24,107.02,6.97,27.1,32.1,73.2
2026-06-09 05:00:00,Citarum,-6.24,107.02,6.64,25.1,34.5,159.5
2026-06-09 06:00:00,Citarum,-6.24,107.02,6.82,27.1,31.1,121.3
2026-06-09 07:00:00,Citarum,-6.24,107.02,7.19,31.8,28.4,101.9
2026-06-09 08:00:00,Citarum,-6.24,107.02,6.65,32.2,29.5,123.9
2026-06-09 09:00:00,Citarum,-6.24,107.02,7.79,42.6,28.6,143.5
2026-06-09 10:00:00,Citarum,-6.24,107.02,6.97,39.7,30.1,151.2
2026-06-09 11:00:00,Citarum,-6.24,107.02,6.95,25.2,30.0,158.5
2026-06-09 12:00:00,Citarum,-6.24,107.02,7.88,69.0,29.1,122.5
2026-06-09 13:00:00,Citarum,-6.24,107.02,6.89,25.5,29.1,83.2
2026-06-09 14:00:00,Citarum,-6.24,107.02,6.71,47.6,29.3,200.0
2026-06-09 15:00:00,Citarum,-6.24,107.02,7.08,28.2,31.1,74.7
2026-06-09 16:00:00,Citarum,-6.24,107.02,7.65,39.5,28.6,127.4
2026-06-09 17:00:00,Citarum,-6.24,107.02,7.78,47.1,31.2,50.0
2026-06-09 18:00:00,Citarum,-6.24,107.02,7.48,53.2,33.0,64.3
2026-06-09 19:00:00,Citarum,-6.24,107.02,7.61,10.1,31.0,129.6
2026-06-09 20:00:00,Citarum,-6.24,107.02,6.46,30.1,30.4,114.8
2026-06-09 21:00:00,Citarum,-6.24,107.02,7.02,34.4,31.8,109.3
2026-06-09 22:00:00,Citarum,-6.24,107.02,7.24,10.0,31.9,120.0
2026-06-09 23:00:00,Citarum,-6.24,107.02,7.58,10.0,28.0,129.6
2026-06-10 00:00:00,Citarum,-6.24,107.02,7.27,28.1,32.2,152.6
2026-06-10 01:00:00,Citarum,-6.24,107.02,7.1,10.0,32.4,162.8
2026-06-10 02:00:00,Citarum,-6.24,107.02,6.85,45.1,32.5,174.6
2026-06-10 03:00:00,Citarum,-6.24,107.02,7.11,46.2,31.1,80.9
2026-06-10 04:00:00,Citarum,-6.24,107.02,7.43,36.3,31.4,110.9
2026-06-10 05:00:00,Citarum,-6.24,107.02,6.84,26.2,31.0,150.8
2026-06-10 06:00:00,Citarum,-6.24,107.02,6.68,10.0,31.1,80.9
2026-06-10 07:00:00,Citarum,-6.24,107.02,7.46,25.4,31.4,109.5
2026-06-10 08:00:00,Citarum,-6.24,107.02,7.39,24.6,30.7,156.5
2026-06-10 09:00:00,Citarum,-6.24,107.02,6.64,44.8,29.0,169.4
2026-06-10 10:00:00,Citarum,-6.24,107.02,7.32,37.4,30.6,143.7
2026-06-10 11:00:00,Citarum,-6.24,107.02,7.29,48.1,30.0,98.4
2026-06-10 12:00:00,Citarum,-6.24,107.02,6.77,10.0,32.3,183.3
2026-06-10 13:00:00,Citarum,-6.24,107.02,5.5,45.9,33.6,104.0
2026-06-10 14:00:00,Citarum,-6.24,107.02,7.31,19.0,31.4,65.4
2026-06-10 15:00:00,Citarum,-6.24,107.02,7.61,23.3,29.0,50.0
2026-06-10 16:00:00,Citarum,-6.24,107.02,6.97,11.7,31.8,104.3
2026-06-10 17:00:00,Citarum,-6.24,107.02,6.98,51.1,32.1,115.4
2026-06-10 18:00:00,Citarum,-6.24,107.02,6.74,35.5,31.3,103.6
2026-06-10 19:00:00,Citarum,-6.24,107.02,6.89,42.6,32.0,50.0
2026-06-10 20:00:00,Citarum,-6.24,107.02,5.98,25.8,32.8,108.9
2026-06-10 21:00:00,Citarum,-6.24,107.02,6.76,50.4,28.0,159.5
2026-06-10 22:00:00,Citarum,-6.24,107.02,6.72,26.3,29.2,150.3
2026-06-10 23:00:00,Citarum,-6.24,107.02,6.51,28.9,29.4,165.3
2026-06-11 00:00:00,Citarum,-6.24,107.02,7.84,34.5,28.9,96.3
2026-06-11 01:00:00,Citarum,-6.24,107.02,6.69,36.4,28.8,50.0
2026-06-11 02:00:00,Citarum,-6.24,107.02,6.48,23.7,29.4,89.5
2026-06-11 03:00:00,Citarum,-6.24,107.02,7.22,38.7,28.0,97.1
2026-06-11 04:00:00,Citarum,-6.24,107.02,6.79,48.6,28.8,110.0
2026-06-11 05:00:00,Citarum,-6.24,107.02,7.27,25.4,30.5,111.7
2026-06-11 06:00:00,Citarum,-6.24,107.02,7.39,38.6,30.8,104.9
2026-06-11 07:00:00,Citarum,-6.24,107.02,7.11,30.4,31.2,179.4
2026-06-11 08:00:00,Citarum,-6.24,107.02,7.51,10.0,31.4,175.1
2026-06-11 09:00:00,Citarum,-6.24,107.02,7.27,26.6,31.1,111.2
2026-06-11 10:00:00,Citarum,-6.24,107.02,7.08,38.0,29.6,91.8
2026-06-11 11:00:00,Citarum,-6.24,107.02,7.36,43.2,31.4,153.8
2026-06-11 12:00:00,Citarum,-6.24,107.02,7.36,39.6,30.8,101.4
2026-06-11 13:00:00,Citarum,-6.24,107.02,7.02,25.0,31.8,128.8
2026-06-11 14:00:00,Citarum,-6.24,107.02,7.65,33.6,29.0,161.6
2026-06-11 15:00:00,Citarum,-6.24,107.02,6.69,61.7,32.2,119.6
2026-06-11 16:00:00,Citarum,-6.24,107.02,7.26,34.6,29.8,140.4
2026-06-11 17:00:00,Citarum,-6.24,107.02,7.21,23.2,31.2,117.6
2026-06-11 18:00:00,Citarum,-6.24,107.02,6.61,43.5,28.0,127.2
2026-06-11 19:00:00,Citarum,-6.24,107.02,7.72,27.6,32.2,106.1
2026-06-11 20:00:00,Citarum,-6.24,107.02,7.49,28.1,32.8,85.2
2026-06-11 21:00:00,Citarum,-6.24,107.02,7.57,44.9,34.4,93.3
2026-06-11 22:00:00,Citarum,-6.24,107.02,6.8,44.9,31.9,123.6
2026-06-11 23:00:00,Citarum,-6.24,107.02,7.51,16.6,33.1,200.0
2026-06-12 00:00:00,Citarum,-6.24,107.02,7.22,43.7,30.1,56.6
2026-06-12 01:00:00,Citarum,-6.24,107.02,6.76,13.3,34.1,129.6
2026-06-12 02:00:00,Citarum,-6.24,107.02,7.08,32.4,32.7,118.9
2026-06-12 03:00:00,Citarum,-6.24,107.02,7.12,29.9,28.5,50.8
2026-06-12 04:00:00,Citarum,-6.24,107.02,7.22,15.7,30.9,121.9
2026-06-12 05:00:00,Citarum,-6.24,107.02,6.83,41.1,31.7,79.6
2026-06-12 06:00:00,Citarum,-6.24,107.02,7.61,46.7,30.8,103.6
2026-06-12 07:00:00,Citarum,-6.24,107.02,7.39,37.9,32.1,124.6
2026-06-12 08:00:00,Citarum,-6.24,107.02,7.24,46.8,32.6,91.8
2026-06-12 09:00:00,Citarum,-6.24,107.02,7.82,38.8,28.0,95.0
2026-06-12 10:00:00,Citarum,-6.24,107.02,7.09,27.3,33.5,83.3
2026-06-12 11:00:00,Citarum,-6.24,107.02,7.28,40.9,31.9,151.9
2026-06-12 12:00:00,Citarum,-6.24,107.02,7.4,81.9,31.1,123.8
2026-06-12 13:00:00,Citarum,-6.24,107.02,7.51,43.3,31.1,91.7
2026-06-12 14:00:00,Citarum,-6.24,107.02,7.19,37.9,35.0,101.7
2026-06-12 15:00:00,Citarum,-6.24,107.02,7.63,36.5,35.2,106.8
2026-06-12 16:00:00,Citarum,-6.24,107.02,6.88,29.7,31.4,149.6
2026-06-12 17:00:00,Citarum,-6.24,107.02,7.7,33.6,30.4,200.0
2026-06-12 18:00:00,Citarum,-6.24,107.02,6.91,24.6,29.3,152.8
2026-06-12 19:00:00,Citarum,-6.24,107.02,7.25,34.0,32.3,90.4
2026-06-12 20:00:00,Citarum,-6.24,107.02,7.29,44.0,31.6,91.7
2026-06-12 21:00:00,Citarum,-6.24,107.02,6.9,27.2,29.3,165.5
2026-06-12 22:00:00,Citarum,-6.24,107.02,7.44,53.7,36.0,60.2
2026-06-12 23:00:00,Citarum,-6.24,107.02,6.95,22.2,29.1,109.5
2026-06-13 00:00:00,Citarum,-6.24,107.02,7.33,35.8,31.9,137.8
2026-06-13 01:00:00,Citarum,-6.24,107.02,7.05,66.8,31.4,54.8
2026-06-13 02:00:00,Citarum,-6.24,107.02,6.5,35.3,30.8,103.6
2026-06-13 03:00:00,Citarum,-6.24,107.02,7.42,45.9,29.3,85.0
2026-06-13 04:00:00,Citarum,-6.24,107.02,7.27,10.0,30.7,120.5
2026-06-13 05:00:00,Citarum,-6.24,107.02,6.87,26.9,30.7,123.2
2026-06-13 06:00:00,Citarum,-6.24,107.02,7.63,30.6,30.2,135.3
2026-06-13 07:00:00,Citarum,-6.24,107.02,7.03,46.9,32.8,165.2
2026-06-13 08:00:00,Citarum,-6.24,107.02,6.85,35.2,31.0,116.6
2026-06-13 09:00:00,Citarum,-6.24,107.02,6.61,36.4,29.6,123.0
2026-06-13 10:00:00,Citarum,-6.24,107.02,6.76,38.5,31.3,140.3
2026-06-13 11:00:00,Citarum,-6.24,107.02,7.31,42.3,29.1,75.0
2026-06-13 12:00:00,Citarum,-6.24,107.02,6.83,19.3,30.9,116.8
2026-06-13 13:00:00,Citarum,-6.24,107.02,7.08,53.4,29.5,71.2
2026-06-13 14:00:00,Citarum,-6.24,107.02,5.5,25.7,28.2,93.9
2026-06-13 15:00:00,Citarum,-6.24,107.02,7.67,19.5,30.8,143.6
2026-06-13 16:00:00,Citarum,-6.24,107.02,7.61,17.3,31.6,128.6
2026-06-13 17:00:00,Citarum,-6.24,107.02,7.42,10.0,29.6,124.8
2026-06-13 18:00:00,Citarum,-6.24,107.02,7.39,46.8,32.1,112.5
2026-06-13 19:00:00,Citarum,-6.24,107.02,7.02,41.2,29.0,142.1
2026-06-13 20:00:00,Citarum,-6.24,107.02,7.25,10.0,28.7,186.0
2026-06-13 21:00:00,Citarum,-6.24,107.02,6.41,53.5,31.0,158.7
2026-06-13 22:00:00,Citarum,-6.24,107.02,7.38,40.4,32.3,199.7
2026-06-13 23:00:00,Citarum,-6.24,107.02,6.57,41.7,33.1,162.1
2026-06-14 00:00:00,Citarum,-6.24,107.02,7.67,48.9,35.6,93.7
2026-06-14 01:00:00,Citarum,-6.24,107.02,7.08,27.6,29.4,50.0
2026-06-14 02:00:00,Citarum,-6.24,107.02,7.35,27.6,34.5,120.5
2026-06-14 03:00:00,Citarum,-6.24,107.02,7.3,47.4,31.5,167.9
2026-06-14 04:00:00,Citarum,-6.24,107.02,7.4,40.5,30.5,134.2
2026-06-14 05:00:00,Citarum,-6.24,107.02,7.09,41.3,33.3,159.9
2026-06-14 06:00:00,Citarum,-6.24,107.02,6.25,42.8,28.0,171.4
2026-06-14 07:00:00,Citarum,-6.24,107.02,5.5,21.5,28.2,129.1
2026-06-14 08:00:00,Citarum,-6.24,107.02,7.23,76.5,32.5,156.7
2026-06-14 09:00:00,Citarum,-6.24,107.02,7.79,32.1,28.0,113.4
2026-06-14 10:00:00,Citarum,-6.24,107.02,6.81,32.4,29.8,172.6
2026-06-14 11:00:00,Citarum,-6.24,107.02,7.46,44.3,30.9,126.9
2026-06-14 12:00:00,Citarum,-6.24,107.02,6.33,37.3,31.6,162.3
2026-06-14 13:00:00,Citarum,-6.24,107.02,7.83,20.0,30.4,136.8
2026-06-14 14:00:00,Citarum,-6.24,107.02,7.79,51.8,30.3,89.1
2026-06-14 15:00:00,Citarum,-6.24,107.02,6.76,31.4,30.8,175.8
2026-06-14 16:00:00,Citarum,-6.24,107.02,6.22,42.6,29.7,121.5
2026-06-14 17:00:00,Citarum,-6.24,107.02,7.09,46.9,28.2,101.9
2026-06-14 18:00:00,Citarum,-6.24,107.02,6.95,10.9,32.2,159.3
2026-06-14 19:00:00,Citarum,-6.24,107.02,6.42,45.6,28.0,130.8
2026-06-14 20:00:00,Citarum,-6.24,107.02,6.74,28.4,30.7,97.5
2026-06-14 21:00:00,Citarum,-6.24,107.02,7.02,49.7,31.5,95.6
2026-06-14 22:00:00,Citarum,-6.24,107.02,7.43,22.0,28.0,130.2
2026-06-14 23:00:00,Citarum,-6.24,107.02,6.25,27.0,29.4,175.1
2026-06-15 00:00:00,Citarum,-6.24,107.02,6.62,51.6,33.4,93.9
2026-06-15 01:00:00,Citarum,-6.24,107.02,7.45,10.0,28.0,110.2
2026-06-15 02:00:00,Citarum,-6.24,107.02,7.03,36.5,33.0,193.7
2026-06-15 03:00:00,Citarum,-6.24,107.02,7.19,62.3,28.3,156.0
2026-06-15 04:00:00,Citarum,-6.24,107.02,7.24,31.4,29.3,85.6
2026-06-15 05:00:00,Citarum,-6.24,107.02,7.6,33.1,31.1,140.0
2026-06-15 06:00:00,Citarum,-6.24,107.02,7.5,47.3,35.7,106.8
2026-06-15 07:00:00,Citarum,-6.24,107.02,7.51,47.3,30.0,105.9
2026-06-15 08:00:00,Citarum,-6.24,107.02,6.87,28.8,31.2,154.9
2026-06-15 09:00:00,Citarum,-6.24,107.02,6.46,10.0,28.7,74.0
2026-06-15 10:00:00,Citarum,-6.24,107.02,6.72,24.5,29.6,104.6
2026-06-15 11:00:00,Citarum,-6.24,107.02,7.46,35.2,30.2,104.8
2026-06-15 12:00:00,Citarum,-6.24,107.02,7.43,21.4,31.1,50.0
2026-06-15 13:00:00,Citarum,-6.24,107.02,7.5,30.8,34.3,89.2
2026-06-15 14:00:00,Citarum,-6.24,107.02,7.19,33.5,30.8,123.7
2026-06-15 15:00:00,Citarum,-6.24,107.02,7.75,35.0,32.5,95.4
2026-06-15 16:00:00,Citarum,-6.24,107.02,6.9,51.4,35.0,115.7
2026-06-15 17:00:00,Citarum,-6.24,107.02,6.98,53.5,32.0,128.7
2026-06-15 18:00:00,Citarum,-6.24,107.02,7.39,53.3,32.7,173.3
2026-06-15 19:00:00,Citarum,-6.24,107.02,7.56,30.4,29.9,179.7
2026-06-08 20:00:00,Sunter,-6.14,106.87,7.52,36.9,29.9,120.4
2026-06-08 21:00:00,Sunter,-6.14,106.87,7.42,10.0,30.6,182.4
2026-06-08 22:00:00,Sunter,-6.14,106.87,7.42,31.8,28.0,186.3
2026-06-08 23:00:00,Sunter,-6.14,106.87,7.17,29.4,32.9,101.0
2026-06-09 00:00:00,Sunter,-6.14,106.87,7.42,38.7,31.3,113.9
2026-06-09 01:00:00,Sunter,-6.14,106.87,6.85,22.0,28.1,141.5
2026-06-09 02:00:00,Sunter,-6.14,106.87,7.39,41.1,30.4,147.6
2026-06-09 03:00:00,Sunter,-6.14,106.87,7.01,30.3,34.6,59.3
2026-06-09 04:00:00,Sunter,-6.14,106.87,6.53,33.4,30.2,50.0
2026-06-09 05:00:00,Sunter,-6.14,106.87,7.05,10.0,32.5,170.2
2026-06-09 06:00:00,Sunter,-6.14,106.87,7.34,35.7,33.4,178.9
2026-06-09 07:00:00,Sunter,-6.14,106.87,6.82,38.0,31.8,56.7
2026-06-09 08:00:00,Sunter,-6.14,106.87,8.11,44.6,33.7,126.4
2026-06-09 09:00:00,Sunter,-6.14,106.87,7.35,22.8,29.3,164.3
2026-06-09 10:00:00,Sunter,-6.14,106.87,6.8,49.5,30.8,131.9
2026-06-09 11:00:00,Sunter,-6.14,106.87,7.6,36.2,33.5,130.8
2026-06-09 12:00:00,Sunter,-6.14,106.87,6.87,67.4,31.8,145.0
2026-06-09 13:00:00,Sunter,-6.14,106.87,6.87,53.6,31.5,53.0
2026-06-09 14:00:00,Sunter,-6.14,106.87,6.98,56.2,30.8,127.2
2026-06-09 15:00:00,Sunter,-6.14,106.87,6.84,20.1,30.6,149.0
2026-06-09 16:00:00,Sunter,-6.14,106.87,6.53,47.4,29.9,106.3
2026-06-09 17:00:00,Sunter,-6.14,106.87,6.93,34.9,32.7,93.0
2026-06-09 18:00:00,Sunter,-6.14,106.87,6.93,24.8,33.8,127.4
2026-06-09 19:00:00,Sunter,-6.14,106.87,7.14,55.3,33.6,91.4
2026-06-09 20:00:00,Sunter,-6.14,106.87,7.24,20.2,30.9,120.2
2026-06-09 21:00:00,Sunter,-6.14,106.87,7.68,30.1,30.6,143.3
2026-06-09 22:00:00,Sunter,-6.14,106.87,7.44,33.7,29.3,86.5
2026-06-09 23:00:00,Sunter,-6.14,106.87,7.14,59.6,30.1,130.2
2026-06-10 00:00:00,Sunter,-6.14,106.87,6.78,10.0,33.3,91.1
2026-06-10 01:00:00,Sunter,-6.14,106.87,6.97,39.0,29.3,113.7
2026-06-10 02:00:00,Sunter,-6.14,106.87,6.8,24.5,30.4,70.0
2026-06-10 03:00:00,Sunter,-6.14,106.87,7.25,29.0,30.5,119.3
2026-06-10 04:00:00,Sunter,-6.14,106.87,7.48,56.5,30.2,137.0
2026-06-10 05:00:00,Sunter,-6.14,106.87,7.35,58.5,31.9,57.9
2026-06-10 06:00:00,Sunter,-6.14,106.87,7.69,31.7,32.8,95.8
2026-06-10 07:00:00,Sunter,-6.14,106.87,7.26,10.0,30.6,165.0
2026-06-10 08:00:00,Sunter,-6.14,106.87,6.69,19.5,30.9,107.2
2026-06-10 09:00:00,Sunter,-6.14,106.87,7.58,42.4,31.3,133.8
2026-06-10 10:00:00,Sunter,-6.14,106.87,7.54,18.3,32.5,161.5
2026-06-10 11:00:00,Sunter,-6.14,106.87,7.13,41.0,28.0,130.6
2026-06-10 12:00:00,Sunter,-6.14,106.87,7.18,45.6,30.9,80.1
2026-06-10 13:00:00,Sunter,-6.14,106.87,7.23,36.7,31.3,156.4
2026-06-10 14:00:00,Sunter,-6.14,106.87,7.27,54.3,28.0,126.3
2026-06-10 15:00:00,Sunter,-6.14,106.87,7.05,21.4,30.7,184.4
2026-06-10 16:00:00,Sunter,-6.14,106.87,6.73,15.5,34.1,103.8
2026-06-10 17:00:00,Sunter,-6.14,106.87,7.04,20.8,30.6,200.0
2026-06-10 18:00:00,Sunter,-6.14,106.87,6.86,44.7,29.5,57.8
2026-06-10 19:00:00,Sunter,-6.14,106.87,7.66,50.7,30.2,114.2
2026-06-10 20:00:00,Sunter,-6.14,106.87,6.78,40.9,30.3,63.3
2026-06-10 21:00:00,Sunter,-6.14,106.87,7.63,17.0,32.1,131.6
2026-06-10 22:00:00,Sunter,-6.14,106.87,7.55,24.6,28.1,101.3
2026-06-10 23:00:00,Sunter,-6.14,106.87,6.98,24.6,28.0,181.3
2026-06-11 00:00:00,Sunter,-6.14,106.87,7.51,49.5,32.0,111.4
2026-06-11 01:00:00,Sunter,-6.14,106.87,7.03,74.5,32.0,103.8
2026-06-11 02:00:00,Sunter,-6.14,106.87,6.8,57.6,29.8,137.5
2026-06-11 03:00:00,Sunter,-6.14,106.87,7.35,36.4,31.0,118.0
2026-06-11 04:00:00,Sunter,-6.14,106.87,7.02,57.2,30.8,92.5
2026-06-11 05:00:00,Sunter,-6.14,106.87,7.64,45.1,32.0,111.0
2026-06-11 06:00:00,Sunter,-6.14,106.87,6.94,31.1,32.7,150.6
2026-06-11 07:00:00,Sunter,-6.14,106.87,6.86,36.6,34.1,53.0
2026-06-11 08:00:00,Sunter,-6.14,106.87,6.65,25.5,30.3,105.3
2026-06-11 09:00:00,Sunter,-6.14,106.87,7.2,27.0,28.4,147.3
2026-06-11 10:00:00,Sunter,-6.14,106.87,7.54,11.9,31.5,143.7
2026-06-11 11:00:00,Sunter,-6.14,106.87,7.2,33.3,34.3,187.4
2026-06-11 12:00:00,Sunter,-6.14,106.87,8.2,21.3,32.8,154.0
2026-06-11 13:00:00,Sunter,-6.14,106.87,7.4,33.4,32.0,128.1
2026-06-11 14:00:00,Sunter,-6.14,106.87,7.23,32.5,33.0,140.3
2026-06-11 15:00:00,Sunter,-6.14,106.87,6.93,19.3,30.0,98.3
2026-06-11 16:00:00,Sunter,-6.14,106.87,7.59,32.7,33.6,167.9
2026-06-11 17:00:00,Sunter,-6.14,106.87,6.87,58.6,30.9,124.4
2026-06-11 18:00:00,Sunter,-6.14,106.87,6.84,13.0,32.1,92.6
2026-06-11 19:00:00,Sunter,-6.14,106.87,6.77,16.1,31.9,173.5
2026-06-11 20:00:00,Sunter,-6.14,106.87,7.43,10.0,29.8,82.4
2026-06-11 21:00:00,Sunter,-6.14,106.87,7.25,10.0,28.6,101.2
2026-06-11 22:00:00,Sunter,-6.14,106.87,7.36,39.6,32.6,146.3
2026-06-11 23:00:00,Sunter,-6.14,106.87,7.2,39.6,31.9,125.0
2026-06-12 00:00:00,Sunter,-6.14,106.87,7.07,22.7,31.8,116.7
2026-06-12 01:00:00,Sunter,-6.14,106.87,6.94,25.1,29.8,77.6
2026-06-12 02:00:00,Sunter,-6.14,106.87,7.23,22.1,32.5,100.4
2026-06-12 03:00:00,Sunter,-6.14,106.87,7.61,26.9,30.3,121.4
2026-06-12 04:00:00,Sunter,-6.14,106.87,7.21,17.0,32.0,103.0
2026-06-12 05:00:00,Sunter,-6.14,106.87,7.2,10.0,31.6,188.1
2026-06-12 06:00:00,Sunter,-6.14,106.87,7.93,19.7,32.6,94.7
2026-06-12 07:00:00,Sunter,-6.14,106.87,6.69,25.3,29.8,151.4
2026-06-12 08:00:00,Sunter,-6.14,106.87,7.31,14.7,30.4,93.9
2026-06-12 09:00:00,Sunter,-6.14,106.87,7.67,50.8,29.6,50.0
2026-06-12 10:00:00,Sunter,-6.14,106.87,7.77,29.0,29.6,177.5
2026-06-12 11:00:00,Sunter,-6.14,106.87,7.21,30.6,30.8,128.0
2026-06-12 12:00:00,Sunter,-6.14,106.87,7.37,45.9,33.1,79.1
2026-06-12 13:00:00,Sunter,-6.14,106.87,7.08,10.0,28.0,84.4
2026-06-12 14:00:00,Sunter,-6.14,106.87,7.25,37.8,34.5,75.6
2026-06-12 15:00:00,Sunter,-6.14,106.87,7.32,24.0,31.1,64.0
2026-06-12 16:00:00,Sunter,-6.14,106.87,6.93,65.5,30.9,156.0
2026-06-12 17:00:00,Sunter,-6.14,106.87,7.19,26.2,31.2,131.1
2026-06-12 18:00:00,Sunter,-6.14,106.87,6.66,23.2,30.8,98.6
2026-06-12 19:00:00,Sunter,-6.14,106.87,7.16,58.2,30.6,129.1
2026-06-12 20:00:00,Sunter,-6.14,106.87,7.02,38.2,33.9,127.8
2026-06-12 21:00:00,Sunter,-6.14,106.87,7.46,59.4,30.9,200.0
2026-06-12 22:00:00,Sunter,-6.14,106.87,5.5,16.8,35.2,148.7
2026-06-12 23:00:00,Sunter,-6.14,106.87,7.7,45.3,34.5,65.8
2026-06-13 00:00:00,Sunter,-6.14,106.87,7.01,10.0,32.9,110.5
2026-06-13 01:00:00,Sunter,-6.14,106.87,8.14,29.7,30.2,124.2
2026-06-13 02:00:00,Sunter,-6.14,106.87,6.97,25.5,32.9,133.3
2026-06-13 03:00:00,Sunter,-6.14,106.87,6.99,10.0,28.8,172.5
2026-06-13 04:00:00,Sunter,-6.14,106.87,6.9,32.4,31.0,145.8
2026-06-13 05:00:00,Sunter,-6.14,106.87,6.86,39.1,30.8,140.0
2026-06-13 06:00:00,Sunter,-6.14,106.87,7.34,51.4,31.9,124.9
2026-06-13 07:00:00,Sunter,-6.14,106.87,6.87,33.9,33.3,115.8
2026-06-13 08:00:00,Sunter,-6.14,106.87,7.0,38.0,30.3,137.0
2026-06-13 09:00:00,Sunter,-6.14,106.87,7.56,56.4,32.8,87.3
2026-06-13 10:00:00,Sunter,-6.14,106.87,7.17,28.2,29.0,104.5
2026-06-13 11:00:00,Sunter,-6.14,106.87,6.93,30.3,33.1,127.0
2026-06-13 12:00:00,Sunter,-6.14,106.87,7.27,30.6,31.0,129.0
2026-06-13 13:00:00,Sunter,-6.14,106.87,8.03,22.3,32.5,127.3
2026-06-13 14:00:00,Sunter,-6.14,106.87,7.51,54.0,29.5,119.7
2026-06-13 15:00:00,Sunter,-6.14,106.87,6.7,50.7,30.2,81.2
2026-06-13 16:00:00,Sunter,-6.14,106.87,6.99,27.9,32.3,79.3
2026-06-13 17:00:00,Sunter,-6.14,106.87,7.26,49.5,33.2,96.7
2026-06-13 18:00:00,Sunter,-6.14,106.87,6.89,62.4,29.0,166.5
2026-06-13 19:00:00,Sunter,-6.14,106.87,8.01,43.9,29.2,101.7
2026-06-13 20:00:00,Sunter,-6.14,106.87,7.62,33.9,31.1,146.5
2026-06-13 21:00:00,Sunter,-6.14,106.87,6.68,22.8,31.4,162.5
2026-06-13 22:00:00,Sunter,-6.14,106.87,7.51,39.3,32.3,96.7
2026-06-13 23:00:00,Sunter,-6.14,106.87,6.87,16.3,31.6,126.5
2026-06-14 00:00:00,Sunter,-6.14,106.87,7.42,38.6,32.0,118.5
2026-06-14 01:00:00,Sunter,-6.14,106.87,5.5,40.5,32.2,96.6
2026-06-14 02:00:00,Sunter,-6.14,106.87,6.99,18.1,33.3,157.3
2026-06-14 03:00:00,Sunter,-6.14,106.87,7.99,32.2,36.0,112.0
2026-06-14 04:00:00,Sunter,-6.14,106.87,7.04,40.6,32.5,116.0
2026-06-14 05:00:00,Sunter,-6.14,106.87,7.3,39.1,29.4,134.6
2026-06-14 06:00:00,Sunter,-6.14,106.87,6.96,23.4,35.8,110.8
2026-06-14 07:00:00,Sunter,-6.14,106.87,6.92,34.2,32.0,139.4
2026-06-14 08:00:00,Sunter,-6.14,106.87,6.94,40.1,29.4,98.3
2026-06-14 09:00:00,Sunter,-6.14,106.87,6.72,51.0,32.2,154.2
2026-06-14 10:00:00,Sunter,-6.14,106.87,7.51,10.0,32.6,126.2
2026-06-14 11:00:00,Sunter,-6.14,106.87,7.35,20.2,28.3,95.1
2026-06-14 12:00:00,Sunter,-6.14,106.87,7.48,14.5,29.2,94.7
2026-06-14 13:00:00,Sunter,-6.14,106.87,6.66,13.7,29.5,123.0
2026-06-14 14:00:00,Sunter,-6.14,106.87,7.15,50.9,28.7,112.8
2026-06-14 15:00:00,Sunter,-6.14,106.87,7.03,26.4,33.1,109.3
2026-06-14 16:00:00,Sunter,-6.14,106.87,7.37,29.9,31.9,131.2
2026-06-14 17:00:00,Sunter,-6.14,106.87,6.98,35.6,30.9,144.6
2026-06-14 18:00:00,Sunter,-6.14,106.87,7.61,42.0,28.6,162.3
2026-06-14 19:00:00,Sunter,-6.14,106.87,7.6,56.4,31.2,61.8
2026-06-14 20:00:00,Sunter,-6.14,106.87,7.3,26.1,29.4,117.8
2026-06-14 21:00:00,Sunter,-6.14,106.87,6.68,44.2,28.4,104.3
2026-06-14 22:00:00,Sunter,-6.14,106.87,6.77,48.0,30.1,139.1
2026-06-14 23:00:00,Sunter,-6.14,106.87,7.5,48.6,28.9,159.0
2026-06-15 00:00:00,Sunter,-6.14,106.87,7.3,38.9,31.9,131.8
2026-06-15 01:00:00,Sunter,-6.14,106.87,6.66,48.1,31.3,160.2
2026-06-15 02:00:00,Sunter,-6.14,106.87,6.64,49.5,30.3,132.0
2026-06-15 03:00:00,Sunter,-6.14,106.87,7.86,21.9,30.4,123.8
2026-06-15 04:00:00,Sunter,-6.14,106.87,7.33,59.2,30.1,133.8
2026-06-15 05:00:00,Sunter,-6.14,106.87,7.18,30.3,29.5,157.9
2026-06-15 06:00:00,Sunter,-6.14,106.87,7.13,29.3,28.0,80.4
2026-06-15 07:00:00,Sunter,-6.14,106.87,6.36,23.5,30.3,181.0
2026-06-15 08:00:00,Sunter,-6.14,106.87,6.98,54.6,29.7,155.3
2026-06-15 09:00:00,Sunter,-6.14,106.87,7.63,28.9,29.1,112.4
2026-06-15 10:00:00,Sunter,-6.14,106.87,7.0,43.3,30.0,141.7
2026-06-15 11:00:00,Sunter,-6.14,106.87,7.18,28.4,31.3,139.3
2026-06-15 12:00:00,Sunter,-6.14,106.87,7.58,49.6,36.0,138.1
2026-06-15 13:00:00,Sunter,-6.14,106.87,7.48,19.9,30.2,102.3
2026-06-15 14:00:00,Sunter,-6.14,106.87,7.13,37.1,33.0,150.2
2026-06-15 15:00:00,Sunter,-6.14,106.87,6.93,52.0,32.4,63.8
2026-06-15 16:00:00,Sunter,-6.14,106.87,7.27,46.7,32.6,129.9
2026-06-15 17:00:00,Sunter,-6.14,106.87,7.23,24.9,30.5,120.7
2026-06-15 18:00:00,Sunter,-6.14,106.87,6.45,29.0,31.1,110.2
2026-06-15 19:00:00,Sunter,-6.14,106.87,7.4,18.8,28.1,107.8
2026-06-08 20:00:00,Pesanggrahan,-6.27,106.78,7.88,46.7,28.4,111.9
2026-06-08 21:00:00,Pesanggrahan,-6.27,106.78,7.27,43.1,29.3,122.3
2026-06-08 22:00:00,Pesanggrahan,-6.27,106.78,7.53,22.9,30.4,50.0
2026-06-08 23:00:00,Pesanggrahan,-6.27,106.78,5.5,27.1,29.2,125.8
2026-06-09 00:00:00,Pesanggrahan,-6.27,106.78,6.3,38.2,29.3,137.0
2026-06-09 01:00:00,Pesanggrahan,-6.27,106.78,7.21,30.8,31.5,124.4
2026-06-09 02:00:00,Pesanggrahan,-6.27,106.78,6.59,12.8,29.9,119.7
2026-06-09 03:00:00,Pesanggrahan,-6.27,106.78,7.45,30.8,29.3,110.3
2026-06-09 04:00:00,Pesanggrahan,-6.27,106.78,7.33,63.2,29.8,117.4
2026-06-09 05:00:00,Pesanggrahan,-6.27,106.78,7.19,27.5,28.2,102.1
2026-06-09 06:00:00,Pesanggrahan,-6.27,106.78,6.51,23.1,29.1,140.4
2026-06-09 07:00:00,Pesanggrahan,-6.27,106.78,6.84,31.1,28.0,102.7
2026-06-09 08:00:00,Pesanggrahan,-6.27,106.78,7.53,24.3,32.9,67.0
2026-06-09 09:00:00,Pesanggrahan,-6.27,106.78,7.48,60.1,31.9,118.6
2026-06-09 10:00:00,Pesanggrahan,-6.27,106.78,6.39,36.9,30.4,81.3
2026-06-09 11:00:00,Pesanggrahan,-6.27,106.78,8.8,49.2,31.2,163.0
2026-06-09 12:00:00,Pesanggrahan,-6.27,106.78,7.63,20.3,36.0,133.1
2026-06-09 13:00:00,Pesanggrahan,-6.27,106.78,7.41,63.2,32.4,63.8
2026-06-09 14:00:00,Pesanggrahan,-6.27,106.78,7.06,36.6,28.7,138.4
2026-06-09 15:00:00,Pesanggrahan,-6.27,106.78,7.24,30.7,34.5,189.4
2026-06-09 16:00:00,Pesanggrahan,-6.27,106.78,7.23,29.4,33.0,108.5
2026-06-09 17:00:00,Pesanggrahan,-6.27,106.78,7.59,26.9,30.9,64.7
2026-06-09 18:00:00,Pesanggrahan,-6.27,106.78,7.98,45.8,33.6,90.4
2026-06-09 19:00:00,Pesanggrahan,-6.27,106.78,6.82,31.6,32.4,123.6
2026-06-09 20:00:00,Pesanggrahan,-6.27,106.78,6.67,14.3,31.9,192.2
2026-06-09 21:00:00,Pesanggrahan,-6.27,106.78,6.44,56.3,32.7,65.9
2026-06-09 22:00:00,Pesanggrahan,-6.27,106.78,7.64,43.3,28.6,141.4
2026-06-09 23:00:00,Pesanggrahan,-6.27,106.78,7.11,52.1,31.0,102.5
2026-06-10 00:00:00,Pesanggrahan,-6.27,106.78,7.59,54.7,32.6,157.8
2026-06-10 01:00:00,Pesanggrahan,-6.27,106.78,7.31,36.3,30.6,77.6
2026-06-10 02:00:00,Pesanggrahan,-6.27,106.78,7.09,38.6,33.6,118.5
2026-06-10 03:00:00,Pesanggrahan,-6.27,106.78,7.63,31.5,32.1,111.5
2026-06-10 04:00:00,Pesanggrahan,-6.27,106.78,7.45,17.1,31.3,177.7
2026-06-10 05:00:00,Pesanggrahan,-6.27,106.78,7.38,43.2,29.1,137.9
2026-06-10 06:00:00,Pesanggrahan,-6.27,106.78,6.95,51.1,31.6,109.3
2026-06-10 07:00:00,Pesanggrahan,-6.27,106.78,8.8,35.2,32.2,94.5
2026-06-10 08:00:00,Pesanggrahan,-6.27,106.78,7.08,11.2,29.3,174.9
2026-06-10 09:00:00,Pesanggrahan,-6.27,106.78,6.67,11.9,30.8,174.6
2026-06-10 10:00:00,Pesanggrahan,-6.27,106.78,7.72,40.3,31.8,73.2
2026-06-10 11:00:00,Pesanggrahan,-6.27,106.78,7.07,47.9,29.5,126.2
2026-06-10 12:00:00,Pesanggrahan,-6.27,106.78,7.14,41.1,30.5,97.3
2026-06-10 13:00:00,Pesanggrahan,-6.27,106.78,7.62,23.6,32.0,94.0
2026-06-10 14:00:00,Pesanggrahan,-6.27,106.78,7.61,10.0,32.7,111.2
2026-06-10 15:00:00,Pesanggrahan,-6.27,106.78,7.36,43.7,29.5,145.1
2026-06-10 16:00:00,Pesanggrahan,-6.27,106.78,6.7,32.5,33.5,178.7
2026-06-10 17:00:00,Pesanggrahan,-6.27,106.78,6.72,42.4,32.5,145.4
2026-06-10 18:00:00,Pesanggrahan,-6.27,106.78,7.35,91.9,29.9,53.6
2026-06-10 19:00:00,Pesanggrahan,-6.27,106.78,7.27,43.4,28.6,142.6
2026-06-10 20:00:00,Pesanggrahan,-6.27,106.78,7.23,34.1,31.6,191.1
2026-06-10 21:00:00,Pesanggrahan,-6.27,106.78,7.28,23.0,30.0,118.3
2026-06-10 22:00:00,Pesanggrahan,-6.27,106.78,7.92,41.7,30.3,200.0
2026-06-10 23:00:00,Pesanggrahan,-6.27,106.78,6.97,10.0,33.5,153.9
2026-06-11 00:00:00,Pesanggrahan,-6.27,106.78,6.64,56.9,31.1,148.2
2026-06-11 01:00:00,Pesanggrahan,-6.27,106.78,7.79,46.8,30.9,142.6
2026-06-11 02:00:00,Pesanggrahan,-6.27,106.78,6.97,28.0,28.0,150.2
2026-06-11 03:00:00,Pesanggrahan,-6.27,106.78,6.92,40.2,30.5,131.5
2026-06-11 04:00:00,Pesanggrahan,-6.27,106.78,6.85,50.8,30.9,190.8
2026-06-11 05:00:00,Pesanggrahan,-6.27,106.78,6.83,53.4,32.1,145.4
2026-06-11 06:00:00,Pesanggrahan,-6.27,106.78,6.94,33.1,30.7,74.8
2026-06-11 07:00:00,Pesanggrahan,-6.27,106.78,7.73,38.6,28.6,65.5
2026-06-11 08:00:00,Pesanggrahan,-6.27,106.78,7.16,25.3,30.5,68.3
2026-06-11 09:00:00,Pesanggrahan,-6.27,106.78,7.04,55.5,31.1,170.0
2026-06-11 10:00:00,Pesanggrahan,-6.27,106.78,7.54,45.8,32.1,132.2
2026-06-11 11:00:00,Pesanggrahan,-6.27,106.78,7.97,21.4,31.0,120.5
2026-06-11 12:00:00,Pesanggrahan,-6.27,106.78,7.03,39.7,30.7,64.6
2026-06-11 13:00:00,Pesanggrahan,-6.27,106.78,6.76,10.0,31.2,137.1
2026-06-11 14:00:00,Pesanggrahan,-6.27,106.78,7.43,10.0,28.6,189.1
2026-06-11 15:00:00,Pesanggrahan,-6.27,106.78,7.44,24.7,31.1,97.8
2026-06-11 16:00:00,Pesanggrahan,-6.27,106.78,7.25,28.3,29.1,129.4
2026-06-11 17:00:00,Pesanggrahan,-6.27,106.78,7.37,74.4,33.4,145.1
2026-06-11 18:00:00,Pesanggrahan,-6.27,106.78,6.42,15.2,33.3,92.4
2026-06-11 19:00:00,Pesanggrahan,-6.27,106.78,7.13,19.1,28.8,118.2
2026-06-11 20:00:00,Pesanggrahan,-6.27,106.78,6.9,23.3,31.9,111.9
2026-06-11 21:00:00,Pesanggrahan,-6.27,106.78,7.44,32.9,30.5,136.5
2026-06-11 22:00:00,Pesanggrahan,-6.27,106.78,7.14,36.2,29.6,89.9
2026-06-11 23:00:00,Pesanggrahan,-6.27,106.78,7.38,41.8,31.5,121.6
2026-06-12 00:00:00,Pesanggrahan,-6.27,106.78,7.57,48.7,30.8,168.5
2026-06-12 01:00:00,Pesanggrahan,-6.27,106.78,7.45,39.2,31.4,94.2
2026-06-12 02:00:00,Pesanggrahan,-6.27,106.78,8.34,29.4,31.1,104.4
2026-06-12 03:00:00,Pesanggrahan,-6.27,106.78,7.82,24.9,30.1,64.4
2026-06-12 04:00:00,Pesanggrahan,-6.27,106.78,6.52,44.5,36.0,107.2
2026-06-12 05:00:00,Pesanggrahan,-6.27,106.78,7.56,91.5,33.3,110.1
2026-06-12 06:00:00,Pesanggrahan,-6.27,106.78,7.13,46.4,30.6,102.6
2026-06-12 07:00:00,Pesanggrahan,-6.27,106.78,7.14,15.9,31.7,57.5
2026-06-12 08:00:00,Pesanggrahan,-6.27,106.78,7.5,39.5,32.1,117.7
2026-06-12 09:00:00,Pesanggrahan,-6.27,106.78,7.57,41.7,32.7,146.3
2026-06-12 10:00:00,Pesanggrahan,-6.27,106.78,6.66,41.3,32.0,158.2
2026-06-12 11:00:00,Pesanggrahan,-6.27,106.78,6.84,41.9,30.9,54.0
2026-06-12 12:00:00,Pesanggrahan,-6.27,106.78,6.46,20.8,33.4,183.9
2026-06-12 13:00:00,Pesanggrahan,-6.27,106.78,7.07,35.6,34.2,102.7
2026-06-12 14:00:00,Pesanggrahan,-6.27,106.78,7.82,29.4,32.3,68.3
2026-06-12 15:00:00,Pesanggrahan,-6.27,106.78,7.45,10.1,29.1,149.4
2026-06-12 16:00:00,Pesanggrahan,-6.27,106.78,7.07,23.8,30.6,130.5
2026-06-12 17:00:00,Pesanggrahan,-6.27,106.78,6.15,22.5,31.3,116.5
2026-06-12 18:00:00,Pesanggrahan,-6.27,106.78,7.31,30.4,30.1,111.4
2026-06-12 19:00:00,Pesanggrahan,-6.27,106.78,7.03,24.0,30.9,126.4
2026-06-12 20:00:00,Pesanggrahan,-6.27,106.78,7.08,49.4,33.2,117.8
2026-06-12 21:00:00,Pesanggrahan,-6.27,106.78,7.07,31.2,32.5,128.1
2026-06-12 22:00:00,Pesanggrahan,-6.27,106.78,6.75,20.5,34.9,113.8
2026-06-12 23:00:00,Pesanggrahan,-6.27,106.78,7.77,39.2,32.0,115.2
2026-06-13 00:00:00,Pesanggrahan,-6.27,106.78,7.13,14.3,30.8,130.4
2026-06-13 01:00:00,Pesanggrahan,-6.27,106.78,7.23,10.0,30.8,200.0
2026-06-13 02:00:00,Pesanggrahan,-6.27,106.78,6.88,43.9,29.7,72.6
2026-06-13 03:00:00,Pesanggrahan,-6.27,106.78,7.24,10.0,28.9,120.4
2026-06-13 04:00:00,Pesanggrahan,-6.27,106.78,7.36,16.8,32.3,78.6
2026-06-13 05:00:00,Pesanggrahan,-6.27,106.78,6.51,18.6,31.8,178.2
2026-06-13 06:00:00,Pesanggrahan,-6.27,106.78,7.43,35.3,29.2,102.8
2026-06-13 07:00:00,Pesanggrahan,-6.27,106.78,6.69,41.0,29.0,131.2
2026-06-13 08:00:00,Pesanggrahan,-6.27,106.78,7.32,27.7,33.5,131.3
2026-06-13 09:00:00,Pesanggrahan,-6.27,106.78,6.9,35.8,29.2,105.5
2026-06-13 10:00:00,Pesanggrahan,-6.27,106.78,6.91,16.8,28.5,50.0
2026-06-13 11:00:00,Pesanggrahan,-6.27,106.78,7.45,11.0,28.5,182.7
2026-06-13 12:00:00,Pesanggrahan,-6.27,106.78,8.8,44.6,32.2,66.7
2026-06-13 13:00:00,Pesanggrahan,-6.27,106.78,8.18,11.1,29.1,83.6
2026-06-13 14:00:00,Pesanggrahan,-6.27,106.78,7.74,71.3,30.1,73.8
2026-06-13 15:00:00,Pesanggrahan,-6.27,106.78,7.1,94.8,29.8,127.7
2026-06-13 16:00:00,Pesanggrahan,-6.27,106.78,7.33,30.3,29.0,143.3
2026-06-13 17:00:00,Pesanggrahan,-6.27,106.78,7.56,46.9,28.4,69.8
2026-06-13 18:00:00,Pesanggrahan,-6.27,106.78,6.78,46.3,31.6,158.5
2026-06-13 19:00:00,Pesanggrahan,-6.27,106.78,7.28,53.0,31.8,122.4
2026-06-13 20:00:00,Pesanggrahan,-6.27,106.78,7.25,30.4,29.5,144.6
2026-06-13 21:00:00,Pesanggrahan,-6.27,106.78,7.18,54.6,28.0,118.1
2026-06-13 22:00:00,Pesanggrahan,-6.27,106.78,6.91,70.8,30.9,105.7
2026-06-13 23:00:00,Pesanggrahan,-6.27,106.78,7.6,10.0,29.6,154.4
2026-06-14 00:00:00,Pesanggrahan,-6.27,106.78,6.87,54.6,33.4,138.1
2026-06-14 01:00:00,Pesanggrahan,-6.27,106.78,7.1,22.9,29.2,83.4
2026-06-14 02:00:00,Pesanggrahan,-6.27,106.78,6.79,11.5,31.4,128.2
2026-06-14 03:00:00,Pesanggrahan,-6.27,106.78,6.93,39.4,31.6,111.1
2026-06-14 04:00:00,Pesanggrahan,-6.27,106.78,7.51,39.9,30.5,107.5
2026-06-14 05:00:00,Pesanggrahan,-6.27,106.78,6.88,25.7,29.0,135.4
2026-06-14 06:00:00,Pesanggrahan,-6.27,106.78,6.84,39.3,29.1,109.3
2026-06-14 07:00:00,Pesanggrahan,-6.27,106.78,7.44,24.8,32.8,111.4
2026-06-14 08:00:00,Pesanggrahan,-6.27,106.78,6.7,38.8,32.6,129.6
2026-06-14 09:00:00,Pesanggrahan,-6.27,106.78,7.77,30.4,30.4,136.4
2026-06-14 10:00:00,Pesanggrahan,-6.27,106.78,7.67,40.4,31.5,144.0
2026-06-14 11:00:00,Pesanggrahan,-6.27,106.78,7.27,33.3,33.7,153.9
2026-06-14 12:00:00,Pesanggrahan,-6.27,106.78,7.2,37.9,31.7,72.5
2026-06-14 13:00:00,Pesanggrahan,-6.27,106.78,6.85,20.5,29.8,142.2
2026-06-14 14:00:00,Pesanggrahan,-6.27,106.78,7.28,16.6,30.2,140.6
2026-06-14 15:00:00,Pesanggrahan,-6.27,106.78,6.91,37.4,35.0,119.4
2026-06-14 16:00:00,Pesanggrahan,-6.27,106.78,7.13,36.4,30.7,118.9
2026-06-14 17:00:00,Pesanggrahan,-6.27,106.78,6.81,32.8,30.7,100.2
2026-06-14 18:00:00,Pesanggrahan,-6.27,106.78,7.22,48.3,30.8,134.0
2026-06-14 19:00:00,Pesanggrahan,-6.27,106.78,7.43,40.6,32.6,145.0
2026-06-14 20:00:00,Pesanggrahan,-6.27,106.78,7.16,38.7,32.9,97.2
2026-06-14 21:00:00,Pesanggrahan,-6.27,106.78,7.27,41.2,29.5,117.4
2026-06-14 22:00:00,Pesanggrahan,-6.27,106.78,6.31,31.7,30.7,114.4
2026-06-14 23:00:00,Pesanggrahan,-6.27,106.78,6.71,22.6,28.0,103.2
2026-06-15 00:00:00,Pesanggrahan,-6.27,106.78,7.0,51.6,32.5,122.7
2026-06-15 01:00:00,Pesanggrahan,-6.27,106.78,7.61,34.7,29.5,59.9
2026-06-15 02:00:00,Pesanggrahan,-6.27,106.78,7.5,69.1,31.1,93.2
2026-06-15 03:00:00,Pesanggrahan,-6.27,106.78,7.42,10.0,32.0,148.6
2026-06-15 04:00:00,Pesanggrahan,-6.27,106.78,7.11,43.5,31.3,92.8
2026-06-15 05:00:00,Pesanggrahan,-6.27,106.78,7.06,46.6,28.0,164.7
2026-06-15 06:00:00,Pesanggrahan,-6.27,106.78,7.21,43.4,32.0,97.5
2026-06-15 07:00:00,Pesanggrahan,-6.27,106.78,6.88,25.9,33.0,154.1
2026-06-15 08:00:00,Pesanggrahan,-6.27,106.78,6.91,25.3,32.3,85.0
2026-06-15 09:00:00,Pesanggrahan,-6.27,106.78,7.5,33.7,32.8,109.3
2026-06-15 10:00:00,Pesanggrahan,-6.27,106.78,6.81,50.3,29.6,132.2
2026-06-15 11:00:00,Pesanggrahan,-6.27,106.78,6.78,25.9,33.5,127.1
2026-06-15 12:00:00,Pesanggrahan,-6.27,106.78,7.32,32.8,36.0,130.0
2026-06-15 13:00:00,Pesanggrahan,-6.27,106.78,7.77,10.0,31.2,189.8
2026-06-15 14:00:00,Pesanggrahan,-6.27,106.78,6.51,29.1,33.6,133.2
2026-06-15 15:00:00,Pesanggrahan,-6.27,106.78,6.93,26.6,31.7,166.8
2026-06-15 16:00:00,Pesanggrahan,-6.27,106.78,7.38,15.0,28.6,138.7
2026-06-15 17:00:00,Pesanggrahan,-6.27,106.78,7.11,39.6,29.0,84.2
2026-06-15 18:00:00,Pesanggrahan,-6.27,106.78,7.4,50.9,32.1,122.6
2026-06-15 19:00:00,Pesanggrahan,-6.27,106.78,6.85,23.8,29.1,102.1
